name,price,image_url,product_url,gender,piece_type,subtype,fit,style,season,main_color,palette_tags
Nike Mens Dri-FIT Short Sleeve Polo Shirt,41.99,https://m.media-amazon.com/images/I/51OYS0EJwSL._AC_SX679_.jpg,https://amzn.to/41lHacl,male,top,polo shirt,regular,casual,summer,#000000,"['cool', 'dark']"
Nike Men's Bohemian,35.0,https://m.media-amazon.com/images/I/41nFOLI0XHL._AC_SX679_.jpg,https://amzn.to/41gyuE4,male,top,t-shirt,regular,sports,summer,#FFFFFF,"['light', 'cool']"
Nike Men's Training T-Shirt,28.99,https://m.media-amazon.com/images/I/51OaMjKlCpL._AC_SX679_.jpg,https://amzn.to/465gGhJ,male,top,t-shirt,regular,casual,summer,#5B2C8A,"['cool', 'dark']"
Nike Men's Dry Franchise Polo,32.99,https://m.media-amazon.com/images/I/51-nBYkQs3S._AC_SY879_.jpg,https://amzn.to/3UJjRoX,male,top,polo shirt,regular,casual,summer,#7BAFE8,"['cool', 'light']"
Sailwind Mens Henley Long/Short Sleeve T-Shirt Cotton Casual Shirt,19.99,https://m.media-amazon.com/images/I/81FvuZ7mo2L._AC_SY879_.jpg,https://amzn.to/45Arogg,male,top,henley t-shirt,regular,casual,summer,#5a5a5a,"['cool', 'dark']"
NITAGUT Mens Fashion Casual Front Placket Basic Long/Short Sleeve Henley T-Shirts,14.99,https://m.media-amazon.com/images/I/81HsZOdpbJL._AC_SX679_.jpg,https://amzn.to/4n42Emt,male,top,henley t-shirt,regular,casual,summer,#4a6157,"['cool', 'dark']"
KLIEGOU Men's T-Shirts - Premium Cotton Crew Neck Tees S - 4XL,24.99,https://m.media-amazon.com/images/I/81JY6XT8pGL._AC_SX679_.jpg,https://amzn.to/47coWOa,male,top,t-shirt,regular,casual,summer,#9B947F,"['warm', 'dark']"
Sailwind Mens Henley Shirts Short Sleeve Summer Casual Classic Cotton T Shirts Pocket Button Shirt,19.99,https://m.media-amazon.com/images/I/71w3ausb-GL._AC_SY879_.jpg,https://amzn.to/3JsNpVv,male,top,polo shirt,slim,casual,summer,#4a6a8c,"['cool', 'dark']"
Mens T-Shirts Short Sleeve Button Casual Stylish Basic Tees Work Striped Shirts Henley Summer Lightweight Stretch Top,19.99,https://m.media-amazon.com/images/I/61wWhxo-+4L._AC_SY879_.jpg,https://amzn.to/475Fnf4,male,top,polo shirt,slim,casual,summer,#000000,"['cool', 'dark']"
PEGENO Men's Fashion Casual Front Placket Short Sleeve Henley T-Shirts Cotton Shirt,19.99,https://m.media-amazon.com/images/I/61oDNRuL4GL._AC_SX679_.jpg,https://amzn.to/4mwRjeM,male,top,henley t-shirt,regular,casual,summer,#1a1a1a,"['dark', 'cool']"
LOGEEYAR Men's Athletic Washed T-Shirts Basic Crew Neck Tees Tops Causal Distressed Cotton T Shirts for Men,23.98,https://m.media-amazon.com/images/I/61gkidVaPuL._AC_SX679_.jpg,https://amzn.to/3HJGbfk,male,top,t-shirt,slim,casual,summer,#d9c33a,"['warm', 'light']"
MAGCOMSEN Men's Henley Short Sleeve Shirt Cotton Lightweight 3 Button Tops Vintage Casual Summer Shirt Soft Fashion,24.98,https://m.media-amazon.com/images/I/81tuxIGgCTL._AC_SY879_.jpg,https://amzn.to/3HK0lWz,male,top,henley shirt,regular,casual,summer,#D9D9D9,"['cool', 'light']"
Mens Short Sleeve Shirts Casual Cotton Henley Shirts Slim Fit Summer Classic T-Shirts,24.99,https://m.media-amazon.com/images/I/61GjdoE+78L._AC_SX679_.jpg,https://amzn.to/4lEnUOf,male,top,henley t-shirt,slim,casual,summer,#000000,"['cool', 'dark']"
Wrangler Authentics Men's Short Sleeve Henley Tee,22.58,https://m.media-amazon.com/images/I/71BOOE2kbPL._AC_SY879_.jpg,https://amzn.to/3JN9YUR,male,top,henley t-shirt,regular,casual,summer,#4a6a8c,"['cool', 'dark']"
PEGENO Men's Fashion Casual Front Placket Short Sleeve Henley T-Shirts Cotton Shirts,14.99,https://m.media-amazon.com/images/I/81tpGc13OgL._AC_SX679_.jpg,https://amzn.to/4n10mEt,male,top,henley t-shirt,regular,casual,summer,#5a7184,"['cool', 'dark']"
PEGENO Men's Fashion Casual Front Placket Short Sleeve Henley T-Shirts Cotton Shirts,22.99,https://m.media-amazon.com/images/I/71+DPskCBOL._AC_SX679_.jpg,https://amzn.to/4mXzG7A,male,top,henley t-shirt,regular,casual,summer,#7B2B3A,"['warm', 'dark']"
PEGENO Men's Fashion Casual Front Placket Short Sleeve Henley T-Shirts Cotton Shirt,19.99,https://m.media-amazon.com/images/I/81NE5pIWIiL._AC_SX679_.jpg,https://amzn.to/4mQffcw,male,top,henley t-shirt,regular,casual,summer,#555555,"['cool', 'dark']"
PEGENO Men's Fashion Casual Front Placket Short Sleeve Henley T-Shirts Cotton Shirt,22.99,https://m.media-amazon.com/images/I/71UPMPif5hL._AC_SX679_.jpg,https://amzn.to/4fNvpRK,male,top,henley t-shirt,regular,casual,summer,#2c2c2c,"['cool', 'dark']"
COOFANDY Mens Henley Shirts Short Sleeve Casual Button Down Shirts Lightweight Summer Basic Tee,19.99,https://m.media-amazon.com/images/I/71inBew2lcL._AC_SY879_.jpg,https://amzn.to/4fUtrPC,male,top,henley t-shirt,regular,casual,summer,#1f3a72,"['cool', 'dark']"
Nautica Men's Classic Fit Pocket T-Shirt,16.5,https://m.media-amazon.com/images/I/51zAaw+HINL._AC_SY879_.jpg,https://amzn.to/45Ov3Wi,male,top,t-shirt,regular,casual,summer,#8de0f7,"['cool', 'light']"
Nautica Men's Classic Fit Pocket T-Shirt,17.99,https://m.media-amazon.com/images/I/71Cb6qownWL._AC_SY879_.jpg,https://amzn.to/4lLSDcz,male,top,t-shirt,regular,casual,summer,#C21807,"['warm', 'dark']"
Nautica Men's Classic Fit Pocket T-Shirt,17.99,https://m.media-amazon.com/images/I/71yn8hONA2L._AC_SY879_.jpg,https://amzn.to/4lGS43q,male,top,t-shirt,regular,casual,summer,#b9d9f2,"['cool', 'light']"
Under Armour Men's Global Foundation Short Sleeve T Shirt,19.99,https://m.media-amazon.com/images/I/51lKlr5JmLL._AC_SX679_.jpg,https://amzn.to/4lDKLtn,male,top,t-shirt,regular,casual,summer,#000000,"['dark', 'cool']"
Under Armour Men's Global Foundation Short Sleeve T Shirt,18.75,https://m.media-amazon.com/images/I/51B4StoLzML._AC_SX679_.jpg,https://amzn.to/4mWvQeO,male,top,t-shirt,regular,casual,summer,#3b1f1a,"['warm', 'dark']"
"Champion, Cotton Midweight Crewneck Tee, T-Shirt for Men, Script (Reg. Or Big & Tall)",17.99,https://m.media-amazon.com/images/I/71CilHbYUBL._AC_SX679_.jpg,https://amzn.to/45yq4ui,male,top,t-shirt,regular,casual,summer,#000000,"['dark', 'cool']"
"Champion, Cotton Midweight Crewneck Tee, T-Shirt for Men, Script (Reg. Or Big & Tall)",17.99,https://m.media-amazon.com/images/I/71NGFF7HiUL._AC_SX679_.jpg,https://amzn.to/41YlKSB,male,top,t-shirt,loose,casual,summer,#E31B23,"['warm', 'light']"
"Champion, Cotton Midweight Crewneck Tee, T-Shirt for Men, Script (Reg. Or Big & Tall)",18.75,https://m.media-amazon.com/images/I/71-aO14KVkL._AC_SX679_.jpg,https://amzn.to/4mAL1e0,male,top,t-shirt,regular,casual,summer,#2E4EB8,"['cool', 'dark']"
GAP Men's Everyday Soft Crewneck T-Shirt Tee,19.99,https://m.media-amazon.com/images/I/512FY2qtEzL._AC_SY879_.jpg,https://amzn.to/45T20Be,male,top,t-shirt,regular,casual,summer,#FFFFFF,"['light', 'cool']"
COOFANDY Men's T- Shirts Short Sleeve Knit Sweater Shirt Casual Crewneck Ribbed Pullover Tees,29.99,https://m.media-amazon.com/images/I/81491ax0vFL._AC_SY879_.jpg,https://amzn.to/4mOKLZb,male,top,knit short sleeve sweater,regular,casual,summer,#FFFFFF,"['light', 'cool']"
COOFANDY Men's T- Shirts Short Sleeve Knit Sweater Shirt Casual Crewneck Ribbed Pullover Tees,29.99,https://m.media-amazon.com/images/I/91QFVd36HXL._AC_SY879_.jpg,https://amzn.to/3Ju63w7,male,top,knit short sleeve sweater,regular,casual,spring,#6B8E23,"['warm', 'dark']"
COOFANDY Men's T- Shirts Short Sleeve Knit Sweater Shirt Casual Crewneck Ribbed Pullover Tees,29.99,https://m.media-amazon.com/images/I/81WLRnTBHBL._AC_SY879_.jpg,https://amzn.to/3Jo8D74,male,top,knit short sleeve sweater,regular,casual,spring,#b497d6,"['cool', 'light']"
Under Armour Men's Sportstyle Logo Short Sleeve T Shirt,18.97,https://m.media-amazon.com/images/I/41gTUMt3fWL._AC_SX679_.jpg,https://amzn.to/41YmUxr,male,top,t-shirt,regular,casual,summer,#9CA3AF,"['cool', 'light']"
Under Armour Men's Sportstyle Logo Short Sleeve T Shirt,18.97,https://m.media-amazon.com/images/I/51ZX1ZIh6nL._AC_SX679_.jpg,https://amzn.to/4lDLtqx,male,top,t-shirt,regular,casual,summer,#FFFFFF,"['cool', 'light']"
GAP Men's Everyday Soft Logo Tee,12.49,https://m.media-amazon.com/images/I/71V8+y9eLKL._AC_SY879_.jpg,https://amzn.to/4fQ63Tv,male,top,t-shirt,regular,casual,summer,#b0b0b0,"['cool', 'light']"
COOFANDY Men's Knit Polo Shirts Short Sleeve Striped Golf Polo Shirts Lightweight Casual Collared T Shirt,14.99,https://m.media-amazon.com/images/I/715DRHltG3L._AC_SY879_.jpg,https://amzn.to/45QuT0S,male,top,polo shirt,regular,casual,summer,#000000,"['cool', 'dark']"
COOFANDY Men's Knit Polo Shirts Short Sleeve Striped Golf Polo Shirts Lightweight Casual Collared T Shirt,19.99,https://m.media-amazon.com/images/I/81obpurGTcL._AC_SY879_.jpg,https://amzn.to/3VfiJtl,male,top,polo shirt,regular,casual,summer,#3b7dd8,"['cool', 'light']"
COOFANDY Men's Knit Polo Shirts Short Sleeve Striped Golf Polo Shirts Lightweight Casual Collared T Shirt,17.99,https://m.media-amazon.com/images/I/71XFEMl4skL._AC_SY879_.jpg,https://amzn.to/47IRAGD,male,top,polo shirt,regular,casual,spring,#4B5B2B,"['cool', 'dark']"
COOFANDY Men's Knit Polo Shirts Short Sleeve Striped Golf Polo Shirts Lightweight Casual Collared T Shirt,23.79,https://m.media-amazon.com/images/I/71Bcddl7Z+L._AC_SY879_.jpg,https://amzn.to/45TvU8s,male,top,polo shirt,regular,casual,summer,#0B3D66,"['cool', 'dark']"
COOFANDY Men's Knit Polo Shirts Short Sleeve Striped Golf Polo Shirts Lightweight Casual Collared T Shirt,22.6,https://m.media-amazon.com/images/I/71v2UKa3CUL._AC_SY879_.jpg,https://amzn.to/3JypvrA,male,top,polo shirt,regular,casual,summer,#2A4EBB,"['cool', 'light']"
COOFANDY Men's Knit Polo Shirts Short Sleeve Striped Golf Polo Shirts Lightweight Casual Collared T Shirt,19.99,https://m.media-amazon.com/images/I/71b2I1IcRZL._AC_SY879_.jpg,https://amzn.to/465KvPd,male,top,polo shirt,regular,casual,spring,#f0e6d2,"['warm', 'light']"
COOFANDY Men's Knit Polo Shirts Short Sleeve Striped Golf Polo Shirts Lightweight Casual Collared T Shirt,29.99,https://m.media-amazon.com/images/I/71MGwvKDvEL._AC_SY879_.jpg,https://amzn.to/45OrkbA,male,top,polo shirt,regular,casual,spring,#cbb89a,"['warm', 'light']"
Mens Straight-Fit Casual Stretch Chino Pants,24.6,https://m.media-amazon.com/images/I/71+lkTwwocL._AC_SX679_.jpg,https://amzn.to/4mUr4yw,male,bottom,pants,regular,casual,all,#000000,"['dark', 'cool']"
Men's Slim-Fit Casual Stretch Chino Pant,28.5,https://m.media-amazon.com/images/I/7123czEPRXL._AC_SX679_.jpg,https://amzn.to/45N59Cs,male,bottom,chinos,regular,casual,spring,#d6c6a1,"['warm', 'light']"
Dickies Men's 874 Flex Work Pants,24.98,https://m.media-amazon.com/images/I/61hnN2uqbOL._AC_SX679_.jpg,https://amzn.to/47jXf69,male,bottom,pants,regular,casual,all,#1a2433,"['cool', 'dark']"
Wrangler Authentics Men's Twill Relaxed Fit Cargo Pant,29.23,https://m.media-amazon.com/images/I/71+7ycpAvtL._AC_SY879_.jpg,https://amzn.to/4mBI5xR,male,bottom,cargo pants,regular,casual,all-season,#8B7D5E,"['warm', 'dark']"
Men's Classic Relaxed Fit Jean,14.98,https://m.media-amazon.com/images/I/71HVSFd9fyL._AC_SY879_.jpg,https://amzn.to/3HHtZvC,male,bottom,jeans,regular,casual,all,#3b5998,"['cool', 'dark']"
Lee Men's Extreme Motion Performance 5 Pocket Regular Straight Pant,20.0,https://m.media-amazon.com/images/I/61gRv75xW+L._AC_SY879_.jpg,https://amzn.to/41oAsCp,male,bottom,pants,regular,casual,all,#a9743a,"['warm', 'dark']"
Men's Athletic-Fit Stretch Jeans,19.5,https://m.media-amazon.com/images/I/81qIK780N4L._AC_SY879_.jpg,https://amzn.to/3VixN9H,male,bottom,jeans,slim,casual,all,#5a7dbf,"['cool', 'light']"
Pudolla Men's Cotton Yoga Sweatpants Athletic Lounge Pants Open Bottom Casual Jersey Pants for Men with Pockets,32.99,https://m.media-amazon.com/images/I/71GP3C3zHHL._AC_SX679_.jpg,https://amzn.to/4mZmVcy,male,bottom,sweatpants,regular,casual,all,#000000,"['dark', 'cool']"
Pudolla Men's Cotton Yoga Sweatpants Athletic Lounge Pants Open Bottom Casual Jersey Pants for Men with Pockets,32.99,https://m.media-amazon.com/images/I/81DmsKklvlL._AC_SX679_.jpg,https://amzn.to/3UI9mSW,male,bottom,pants,regular,casual,all,#2c2f34,"['dark', 'cool']"
Lee Men's Loose Fit Straight Leg Carpenter Jean,34.9,https://m.media-amazon.com/images/I/81aIcfcGW1L._AC_SX679_.jpg,https://amzn.to/4lJeAsA,male,bottom,jeans,regular,casual,all,#2a3f6a,"['cool', 'dark']"
Nike Club Men's Training Joggers,44.99,https://m.media-amazon.com/images/I/41bLzvqywYL._AC_SY741_.jpg,https://amzn.to/41oAJVX,male,bottom,joggers,regular,casual,fall,#1B2A5E,"['cool', 'dark']"
Nike Club Men's Training Joggers,53.49,https://m.media-amazon.com/images/I/51zHtqOMKRL._AC_SY741_.jpg,https://amzn.to/41nfl3c,male,bottom,joggers,regular,casual,fall,#3a3a3a,"['cool', 'dark']"
Nike Club Men's Training Joggers,54.78,https://m.media-amazon.com/images/I/41ysJSphK-L._AC_SY741_.jpg,https://amzn.to/45BjALc,male,bottom,joggers,regular,casual,fall,#6B1F2B,"['warm', 'dark']"
Nike Club Men's Training Joggers,51.99,https://m.media-amazon.com/images/I/51ZjsvdqGuL._AC_SY741_.jpg,https://amzn.to/45N6t8o,male,bottom,joggers,slim,casual,all,#0033cc,"['cool', 'dark']"
Lee Men's Extreme Motion Flat Front Slim Straight Pant,14.14,https://m.media-amazon.com/images/I/61qhZj5pnML._AC_SY741_.jpg,https://amzn.to/45VSwFm,male,bottom,pants,regular,casual,all,#6e7277,"['cool', 'dark']"
Lee Men's Extreme Motion Flat Front Slim Straight Pant,29.99,https://m.media-amazon.com/images/I/61BJJNzrJzL._AC_SY741_.jpg,https://amzn.to/3HROeqn,male,bottom,chinos,regular,casual,spring,#6B7B4C,"['cool', 'dark']"
Lee Men's Extreme Motion Flat Front Regular Straight Pant,18.6,https://m.media-amazon.com/images/I/71qGWcD0JBL._AC_SY741_.jpg,https://amzn.to/4lOPKYv,male,bottom,chinos,regular,casual,spring/fall,#a67c3d,"['warm', 'dark']"
Dickies Men's Relaxed-Fit Carpenter Jean,26.24,https://m.media-amazon.com/images/I/71PmEmJcLHL._AC_SX679_.jpg,https://amzn.to/3JwVWXp,male,bottom,jeans,regular,casual,all,#2a4a7a,"['cool', 'dark']"
Dickies Men's Relaxed-Fit Carpenter Jean,26.24,https://m.media-amazon.com/images/I/81k8QkdCW2L._AC_SX569_.jpg,https://amzn.to/45ZxNk6,male,bottom,jeans,loose,casual,all,#3a5f8a,"['cool', 'dark']"
Levi Strauss Signature Gold Men's Slim Fit Jeans,27.75,https://m.media-amazon.com/images/I/51jsgA+Y1ML._AC_SX679_.jpg,https://amzn.to/3JvAPot,male,bottom,jeans,regular,casual,all,#6b8dbd,"['cool', 'light']"
COOFANDY Mens Golf Pants Stretch Work Dress Pants Quick Dry Lightweight Pants Casual Slim Fit Slacks with Pockets,14.99,https://m.media-amazon.com/images/I/6166D6gbFCL._AC_SX569_.jpg,https://amzn.to/45zzDch,male,bottom,pants,regular,casual,spring,#2C2F48,"['cool', 'dark']"
COOFANDY Mens Golf Pants Stretch Work Dress Pants Quick Dry Lightweight Pants Casual Slim Fit Slacks with Pockets,14.99,https://m.media-amazon.com/images/I/61f3x2Coh0L._AC_SX569_.jpg,https://amzn.to/4mAHmgk,male,bottom,pants,regular,casual,spring,#B0B0B0,"['cool', 'light']"
COOFANDY Mens Golf Pants Stretch Work Dress Pants Quick Dry Lightweight Pants Casual Slim Fit Slacks with Pockets,14.99,https://m.media-amazon.com/images/I/61LZrb5yH5L._AC_SX569_.jpg,https://amzn.to/4mzG1Xa,male,bottom,pants,regular,casual,spring,#6B6E3F,"['warm', 'dark']"
Men's Relaxed-Fit Carpenter Utility Pant with Tool Pockets,22.32,https://m.media-amazon.com/images/I/81Prep7uypL._AC_SX569_.jpg,https://amzn.to/4mYV24v,male,bottom,pants,regular,casual,all,#5A5A5F,"['cool', 'dark']"
Dickies Men's Original 874 Work Pants,22.49,https://m.media-amazon.com/images/I/61Hu+sdFnlL._AC_SX679_.jpg,https://amzn.to/4lMUTQH,male,bottom,chinos,regular,casual,spring,#c2b280,"['warm', 'light']"
Dickies Men's Original 874 Work Pants,22.49,https://m.media-amazon.com/images/I/61N7qODGOdL._AC_SX679_.jpg,https://amzn.to/4mJZ3tG,male,bottom,trousers,regular,casual,all,#000000,"['dark', 'cool']"
Dickies Men's Original 874 Work Pants,37.26,https://m.media-amazon.com/images/I/718AtB16ovL._AC_SX679_.jpg,https://amzn.to/45Bkmb4,male,bottom,pants,regular,casual,all,#555a5f,"['cool', 'dark']"
Dickies Men's Original 874 Work Pants,22.49,https://m.media-amazon.com/images/I/618uhaClzxL._AC_SX569_.jpg,https://amzn.to/4mxUgvl,male,bottom,pants,regular,casual,all,#223355,"['cool', 'dark']"
Dickies Men's Original 874 Work Pants,22.49,https://m.media-amazon.com/images/I/6114QzjbmML._AC_SX679_.jpg,https://amzn.to/3HMuPHs,male,bottom,trousers,regular,formal,all,#3B2A20,"['dark', 'warm']"
Dickies mens 873 Slim Fit Work Pants,22.49,https://m.media-amazon.com/images/I/619KoogUe+L._AC_SX679_.jpg,https://amzn.to/4fZGsrk,male,bottom,trousers,regular,casual,all,#2C3E50,"['cool', 'dark']"
Dickies mens 873 Slim Fit Work Pants,29.99,https://m.media-amazon.com/images/I/61O7FEzy1uL._AC_SX679_.jpg,https://amzn.to/421qVBf,male,bottom,cargo pants,regular,casual,all,#000000,"['dark', 'cool']"
Dickies mens 873 Slim Fit Work Pants,29.99,https://m.media-amazon.com/images/I/71P9yVsx5+L._AC_SX569_.jpg,https://amzn.to/3HOO0Ap,male,bottom,pants,regular,casual,all,#cbb78e,"['warm', 'light']"
Wrangler Authentics Men's Premium Relaxed Fit Straight Leg Cargo Pant,33.1,https://m.media-amazon.com/images/I/71vAx4LlTUL._AC_SY741_.jpg,https://amzn.to/3HQrcjB,male,bottom,cargo pants,regular,casual,all-season,#000000,"['dark', 'cool']"
ZAFUL Men's Parachute Sweatpants Y2k Baggy Track Pants Drawstring Wide Leg Casual Trousers Streetwear,32.99,https://m.media-amazon.com/images/I/61sSxxDCiKL._AC_SY741_.jpg,https://amzn.to/3VpC5vT,male,bottom,track pants,loose,casual,spring,#1a2a44,"['cool', 'dark']"
ZAFUL Men's Parachute Sweatpants Y2k Baggy Track Pants Drawstring Wide Leg Casual Trousers Streetwear,30.99,https://m.media-amazon.com/images/I/71rIMGpU0SL._AC_SY741_.jpg,https://amzn.to/47fb4mi,male,bottom,track pants,loose,casual,spring,#5a755d,"['cool', 'dark']"
ZAFUL Men's Parachute Sweatpants Y2k Baggy Track Pants Drawstring Wide Leg Casual Trousers Streetwear,29.99,https://m.media-amazon.com/images/I/719O6qhaErL._AC_SY741_.jpg,https://amzn.to/47aACRv,male,bottom,track pants,loose,casual,spring,#5CA0E0,"['cool', 'light']"
Wrangler Authentics Men's Classic 5-Pocket Regular Fit Flex Jean,31.77,https://m.media-amazon.com/images/I/71lqr18zk4L._AC_SY741_.jpg,https://amzn.to/4mDG9os,male,bottom,jeans,regular,casual,all,#2c4a70,"['cool', 'dark']"
Wrangler Authentics Men's Classic 5-Pocket Regular Fit Flex Jean,31.77,https://m.media-amazon.com/images/I/71bhGuqh-eL._AC_SY741_.jpg,https://amzn.to/41VV84J,male,bottom,jeans,regular,casual,all,#5a8ccf,"['cool', 'light']"
Wrangler Authentics mens Relaxed Fit Stretch Cargo Pant,31.27,https://m.media-amazon.com/images/I/71jpUDOkZUL._AC_SX569_.jpg,https://amzn.to/45QRDhk,male,bottom,cargo pants,regular,casual,all-season,#000000,"['dark', 'cool']"
Carhartt Men's B324 Washed Twill Relaxed Fit Pant,43.98,https://m.media-amazon.com/images/I/51GUfVya+3L._AC_SX679_.jpg,https://amzn.to/463LsaR,male,bottom,pants,regular,casual,autumn,#4B4B2F,"['dark', 'warm']"
Trendy Queen Womens Basic T Shirts Summer Tops 2025 Short Sleeve Crop Tops Slim Fit Gym Workout Y2k Clothes,9.99,https://m.media-amazon.com/images/I/613+lFVMnEL._AC_SY741_.jpg,https://amzn.to/3HRpKxu,female,top,t-shirt,slim,casual,summer,#FFFFFF,"['light', 'cool']"
Trendy Queen Womens Basic T Shirts Summer Tops 2025 Short Sleeve Crop Tops Slim Fit Gym Workout Y2k Clothes,9.99,https://m.media-amazon.com/images/I/610zDjeqZ+L._AC_SY741_.jpg,https://amzn.to/45yoPLw,female,top,t-shirt,tight,casual,summer,#000000,"['dark', 'cool']"
Trendy Queen Womens Basic T Shirts Summer Tops 2025 Short Sleeve Crop Tops Slim Fit Gym Workout Y2k Clothes,17.99,https://m.media-amazon.com/images/I/61KDgnTbJBL._AC_SY741_.jpg,https://amzn.to/4p0C2Vd,female,top,t-shirt,tight,casual,summer,#add8e6,"['cool', 'light']"
MAGCOMSEN Women's Cotton T Shirt V-Neck Short Sleeve Shirt Classic-Fit Casual Breathable Tee Summer Basic Tops,14.99,https://m.media-amazon.com/images/I/71q5VB6eSXL._AC_SX569_.jpg,https://amzn.to/4oSxWyj,female,top,t-shirt,regular,casual,summer,#6ad1d9,"['cool', 'light']"
MAGCOMSEN Women's Cotton T Shirt V-Neck Short Sleeve Shirt Classic-Fit Casual Breathable Tee Summer Basic Tops,14.99,https://m.media-amazon.com/images/I/71EoiYEIfHL._AC_SX569_.jpg,https://amzn.to/4mJ53D9,female,top,t-shirt,regular,casual,summer,#FFFFFF,"['light', 'cool']"
MAGCOMSEN Women's Cotton T Shirt V-Neck Short Sleeve Shirt Classic-Fit Casual Breathable Tee Summer Basic Tops,18.98,https://m.media-amazon.com/images/I/71uMaUDcfBL._AC_SX569_.jpg,https://amzn.to/47aFoyp,female,top,t-shirt,regular,casual,summer,#3a3a3a,"['cool', 'dark']"
MAGCOMSEN Women's Cotton T Shirt V-Neck Short Sleeve Shirt Classic-Fit Casual Breathable Tee Summer Basic Tops,14.99,https://m.media-amazon.com/images/I/712q48OtAjL._AC_SX569_.jpg,https://amzn.to/41R463e,female,top,t-shirt,regular,casual,summer,#f97316,"['warm', 'light']"
Dokotoo Womens Summer Tops 2025 Striped Color Block Short Sleeve T-Shirts Crewneck Casual Loose Basic Tee Blouses,19.88,https://m.media-amazon.com/images/I/71Z96YHZqqL._AC_SY741_.jpg,https://amzn.to/3HP5nks,female,top,t-shirt,regular,casual,summer,#dcd9c9,"['cool', 'light']"
Dokotoo Womens Summer Tops 2025 Striped Color Block Short Sleeve T-Shirts Crewneck Casual Loose Basic Tee Blouses,19.88,https://m.media-amazon.com/images/I/714gZtP+6bL._AC_SY741_.jpg,https://amzn.to/3HGPbSu,female,top,t-shirt,regular,casual,summer,#f0f0e6,"['cool', 'light']"
Dokotoo Womens Summer Tops 2025 Striped Color Block Short Sleeve T-Shirts Crewneck Casual Loose Basic Tee Blouses,19.88,https://m.media-amazon.com/images/I/71wZgQ7WU+L._AC_SY741_.jpg,https://amzn.to/41ZU0gm,female,top,t-shirt,regular,casual,summer,#4a6f9a,"['cool', 'dark']"
Trendy Queen Womens Short Sleeve Summer Tops Ribbed Henley T Shirts Basic Tee Cute Casual Spring Fashion Clothes 2025,9.99,https://m.media-amazon.com/images/I/71ZphC39ZCL._AC_SY741_.jpg,https://amzn.to/3VpHByB,female,top,t-shirt,slim,casual,summer,#d18bb3,"['warm', 'light']"
Trendy Queen Womens Short Sleeve Summer Tops Ribbed Henley T Shirts Basic Tee Cute Casual Spring Fashion Clothes 2025,9.99,https://m.media-amazon.com/images/I/719G4aerXrL._AC_SY741_.jpg,https://amzn.to/47fb1H1,female,top,ribbed henley t-shirt,slim,casual,spring,#4B6E85,"['cool', 'dark']"
Women's Summer Short Sleeve Crop Tops Casual Basic Cotton Athletic Yoga Running T-Shirts,14.99,https://m.media-amazon.com/images/I/618fQWi30wL._AC_SY741_.jpg,https://amzn.to/465Flmm,female,top,t-shirt,loose,casual,summer,#dcdcdc,"['cool', 'light']"
Women's Summer Short Sleeve Crop Tops Casual Basic Cotton Athletic Yoga Running T-Shirts,19.99,https://m.media-amazon.com/images/I/61PH4Z0VKEL._AC_SY741_.jpg,https://amzn.to/3Vgxlsy,female,top,t-shirt,loose,casual,summer,#4B5320,"['dark', 'warm']"
SAMPEEL Womens Summer Tops Trendy 2025 Ruched Cap Short Sleeve Tshirts Shirts Crew Neck T Shirts Fashion,8.68,https://m.media-amazon.com/images/I/71QmPM+XLeL._AC_SY741_.jpg,https://amzn.to/3HwCaed,female,top,t-shirt,regular,casual,summer,#000000,"['dark', 'cool']"
SAMPEEL Womens Summer Tops Trendy 2025 Ruched Cap Short Sleeve Tshirts Shirts Crew Neck T Shirts Fashion,7.38,https://m.media-amazon.com/images/I/71z2o+4wSqL._AC_SY741_.jpg,https://amzn.to/4mxZQOj,female,top,t-shirt,regular,casual,summer,#FFFFFF,"['light', 'cool']"
SAMPEEL Womens Summer Tops Trendy 2025 Ruched Cap Short Sleeve Tshirts Shirts Crew Neck T Shirts Fashion,12.74,https://m.media-amazon.com/images/I/712OLJglaYL._AC_SY741_.jpg,https://amzn.to/4fQnF1g,female,top,t-shirt,regular,casual,summer,#7B1F2A,"['warm', 'dark']"
SAMPEEL Womens Summer Tops Trendy 2025 Ruched Cap Short Sleeve Tshirts Shirts Crew Neck T Shirts Fashion,9.98,https://m.media-amazon.com/images/I/71exV09-IuL._AC_SY741_.jpg,https://amzn.to/3Hx5YYa,female,top,t-shirt,regular,casual,summer,#2A4BD7,"['cool', 'dark']"
SAMPEEL Womens Summer Tops Trendy 2025 Ruched Cap Short Sleeve Tshirts Shirts Crew Neck T Shirts Fashion,11.46,https://m.media-amazon.com/images/I/71X3CJVkJXL._AC_SY741_.jpg,https://amzn.to/4oUDc4s,female,top,t-shirt,regular,casual,summer,#d21b23,"['warm', 'dark']"
Amazon Essentials Women's Lightweight V-Neck Cardigan Sweater,15.9,https://m.media-amazon.com/images/I/81Ivu7JlGmL._AC_SX679_.jpg,https://amzn.to/3HtQhRx,female,top,cardigan,regular,casual,fall,#000000,"['dark', 'cool']"
Amazon Essentials Women's Lightweight V-Neck Cardigan Sweater,12.9,https://m.media-amazon.com/images/I/919lw3EEvtL._AC_SX569_.jpg,https://amzn.to/3UJh5QL,female,top,cardigan,regular,casual,fall,#4B1B2B,"['warm', 'dark']"
Amazon Essentials Women's Lightweight V-Neck Cardigan Sweater,15.9,https://m.media-amazon.com/images/I/81QZiplLbxL._AC_SX569_.jpg,https://amzn.to/4oK0UAe,female,top,cardigan,regular,casual,fall,#5C342B,"['warm', 'dark']"
Oversized Tshirts for Women Summer Short Sleeve Round Neck Graphic Tee Shirt,9.99,https://m.media-amazon.com/images/I/71kEsFfEUKL._AC_SY741_.jpg,https://amzn.to/4fQBDQK,female,top,t-shirt,oversized,casual,summer,#000000,"['dark', 'cool']"
Tankaneo Womens Front Knotted V-Neck Blouse T Shirt Short Sleeve Oversized Tunic Tops Summer Solid Pullover Tees,14.99,https://m.media-amazon.com/images/I/71u8wKnGTWL._AC_SY741_.jpg,https://amzn.to/47LL5Tu,female,top,t-shirt,regular,casual,summer,#6B3B4A,"['warm', 'dark']"
Tankaneo Womens Front Knotted V-Neck Blouse T Shirt Short Sleeve Oversized Tunic Tops Summer Solid Pullover Tees,14.99,https://m.media-amazon.com/images/I/71d-KBd7sQL._AC_SY741_.jpg,https://amzn.to/4mzZsPC,female,top,t-shirt,regular,casual,spring,#6e6e6e,"['cool', 'dark']"
Tankaneo Womens Front Knotted V-Neck Blouse T Shirt Short Sleeve Oversized Tunic Tops Summer Solid Pullover Tees,14.99,https://m.media-amazon.com/images/I/71cAAlWlcaL._AC_SY741_.jpg,https://amzn.to/41mCgvz,female,top,t-shirt,regular,casual,summer,#2F5AB8,"['cool', 'dark']"
Trendy Queen Long Sleeve Shirts for Women 2025 Fall Fashion V Neck Basics Crop Tops Slim Fitted Y2K Tops Outfits Clothes,8.98,https://m.media-amazon.com/images/I/712VaEjm+lL._AC_SY741_.jpg,https://amzn.to/4oSkytV,female,top,long sleeve t-shirt,slim,casual,fall,#000000,"['cool', 'dark']"
Trendy Queen Long Sleeve Shirts for Women 2025 Fall Fashion V Neck Basics Crop Tops Slim Fitted Y2K Tops Outfits Clothes,12.98,https://m.media-amazon.com/images/I/71Rh23BUEUL._AC_SY741_.jpg,https://amzn.to/41UTArB,female,top,long sleeve shirt,slim,casual,fall,#6B7B4A,"['cool', 'dark']"
Trendy Queen Long Sleeve Shirts for Women 2025 Fall Fashion V Neck Basics Crop Tops Slim Fitted Y2K Tops Outfits Clothes,11.69,https://m.media-amazon.com/images/I/71VpmZd2InL._AC_SY741_.jpg,https://amzn.to/45PeIAP,female,top,long sleeve t-shirt,slim,casual,autumn,#466a78,"['cool', 'dark']"
Trendy Queen Long Sleeve Shirts for Women 2025 Fall Fashion V Neck Basics Crop Tops Slim Fitted Y2K Tops Outfits Clothes,11.98,https://m.media-amazon.com/images/I/71Wwy7EMa9L._AC_SY741_.jpg,https://amzn.to/3UMzQTd,female,top,long_sleeve_tshirt,tight,casual,autumn,#7B2F44,"['warm', 'dark']"
"Hanes Women's Sport Cool DRI Polo Shirt, Moisture-Wicking Performance Polo Shirt for Women",12.0,https://m.media-amazon.com/images/I/81DmdFsxjaL._AC_SX679_.jpg,https://amzn.to/3VpWlNX,female,top,polo shirt,regular,casual,summer,#E31B23,"['warm', 'light']"
MEROKEETY Women's Summer Short Sleeve Shirt Casual Colourful Striped Crewneck Loose Tops Blouse,14.81,https://m.media-amazon.com/images/I/71+ed4eCqcL._AC_SY741_.jpg,https://amzn.to/4mTwBVW,female,top,t-shirt,loose,casual,spring,#8B5E3C,"['warm', 'dark']"
Zeagoo Womens Button Down Shirts Long Sleeve V Neck Tops Wrinkle Free Collared Work Office Solid Blouses Corset Tops,9.99,https://m.media-amazon.com/images/I/81FmC0RK2SL._AC_SX569_.jpg,https://amzn.to/47L5BDM,female,top,shirt,regular,business casual,spring,#a9c0e8,"['cool', 'light']"
Zeagoo Womens Button Down Shirts Long Sleeve V Neck Tops Wrinkle Free Collared Work Office Solid Blouses Corset Tops,12.99,https://m.media-amazon.com/images/I/61dks66qT1L._AC_SX569_.jpg,https://amzn.to/45Bc4Qv,female,top,shirt,regular,classic,all,#FFFFFF,"['light', 'cool']"
Zeagoo Womens Button Down Shirts Long Sleeve V Neck Tops Wrinkle Free Collared Work Office Solid Blouses Corset Tops,12.99,https://m.media-amazon.com/images/I/71fF-fyvRWL._AC_SX569_.jpg,https://amzn.to/47P1Woz,female,top,shirt,regular,casual,spring,#a9c6e8,"['cool', 'light']"
Zeagoo Womens Button Down Shirts Long Sleeve V Neck Tops Wrinkle Free Collared Work Office Solid Blouses Corset Tops,9.99,https://m.media-amazon.com/images/I/81KpDUFIkGL._AC_SX569_.jpg,https://amzn.to/45yuZeE,female,top,shirt,regular,casual,spring,#3a7bbf,"['cool', 'light']"
Timeson Women's 3/4 Sleeve Tops Dressy Casual Business Work Blouses Chiffon Shirts,18.99,https://m.media-amazon.com/images/I/81nFW8i4nzL._AC_SX569_.jpg,https://amzn.to/45SofXO,female,top,blouse,regular,casual,spring,#d32f2f,"['warm', 'dark']"
Timeson Women's 3/4 Sleeve Tops Dressy Casual Business Work Blouses Chiffon Shirts,24.29,https://m.media-amazon.com/images/I/71z76wO4ywL._AC_SX569_.jpg,https://amzn.to/3UM8KM1,female,top,blouse,regular,casual,spring,#8B1A1A,"['warm', 'dark']"
Timeson Women's 3/4 Sleeve Tops Dressy Casual Business Work Blouses Chiffon Shirts,24.29,https://m.media-amazon.com/images/I/71PUjpOXN4L._AC_SX569_.jpg,https://amzn.to/4oTFjFv,female,top,blouse,regular,casual,spring,#2F4F2F,"['cool', 'dark']"
Timeson Women's 3/4 Sleeve Tops Dressy Casual Business Work Blouses Chiffon Shirts,25.99,https://m.media-amazon.com/images/I/81HUthgpGnL._AC_SX569_.jpg,https://amzn.to/4mvRCpZ,female,top,blouse,loose,casual,spring,#d87a7f,"['warm', 'light']"
AUTOMET Womens Tops Short Sleeve T-Shirts Blouses Dressy Casual Business Puff Pleated Summer Fashion 2025 Basic Comfy,11.99,https://m.media-amazon.com/images/I/715lBfflhrL._AC_SY741_.jpg,https://amzn.to/3HwQAuR,female,top,blouse,regular,casual,autumn,#A0522D,"['warm', 'dark']"
AUTOMET Womens Tops Short Sleeve T-Shirts Blouses Dressy Casual Business Puff Pleated Summer Fashion 2025 Basic Comfy Clothes,11.99,https://m.media-amazon.com/images/I/71dsgvKe5PL._AC_SY741_.jpg,https://amzn.to/4mzPttF,female,top,blouse,regular,casual,spring,#6ca0a3,"['cool', 'light']"
AUTOMET Womens Tops Short Sleeve T-Shirts Blouses Dressy Casual Business Puff Pleated Summer Fashion 2025 Basic Comfy Clothes,9.99,https://m.media-amazon.com/images/I/61zKcbaj3SL._AC_SY741_.jpg,https://amzn.to/4lW4Hbi,female,top,blouse,regular,casual,spring,#E6E9EE,"['cool', 'light']"
"Hanes Perfect-T Crewneck T-Shirt, Lightweight Cotton Short Sleeve Tee for Women",10.0,https://m.media-amazon.com/images/I/61yn9JIci6L._AC_SX679_.jpg,https://amzn.to/4lLM3CQ,female,top,t-shirt,regular,casual,summer,#000000,"['cool', 'dark']"
Amazon Essentials Women's Regular-Fit Twist Sleeve Crewneck T-Shirt,7.9,https://m.media-amazon.com/images/I/81rTA6jzA7S._AC_SX569_.jpg,https://amzn.to/421MlhD,female,top,t-shirt,regular,casual,summer,#d3d3d3,"['cool', 'light']"
Amazon Essentials Women's Regular-Fit Twist Sleeve Crewneck T-Shirt,7.9,https://m.media-amazon.com/images/I/71uVf75hjML._AC_SX679_.jpg,https://amzn.to/3UOAFej,female,top,t-shirt,regular,casual,summer,#FFFFFF,"['light', 'cool']"
G4Free Yoga Pants Women Wide Leg Pants with Pockets High Waist Stretch Dress Casual Sweatpants Petite/Regular/Tall,26.35,https://m.media-amazon.com/images/I/51FbAdOJGaL._AC_SX569_.jpg,https://amzn.to/3VpXJ37,female,bottom,pants,wide-leg,casual,all,#000000,"['dark', 'cool']"
G4Free Yoga Pants Women Wide Leg Pants with Pockets High Waist Stretch Dress Casual Sweatpants Petite/Regular/Tall,31.44,https://m.media-amazon.com/images/I/71yg9KoUwkL._AC_SX569_.jpg,https://amzn.to/4oUo0nU,female,bottom,pants,wide,casual,all,#2c3e6a,"['cool', 'dark']"
G4Free Yoga Pants Women Wide Leg Pants with Pockets High Waist Stretch Dress Casual Sweatpants Petite/Regular/Tall,36.99,https://m.media-amazon.com/images/I/61-4DZBRXCL._AC_SX569_.jpg,https://amzn.to/4mvShrt,female,bottom,pants,wide,casual,all,#7B2B2B,"['warm', 'dark']"
Lee Women's Legendary Mid Rise Flare Jean,26.0,https://m.media-amazon.com/images/I/71XsNC0QW+L._AC_SY741_.jpg,https://amzn.to/4g0mCfC,female,bottom,jeans,flare,casual,all,#5a7dbd,"['cool', 'dark']"
Lee Women's Legendary Mid Rise Flare Jean,29.99,https://m.media-amazon.com/images/I/61zG5RvUenL._AC_SY741_.jpg,https://amzn.to/4mtziOl,female,bottom,flare jeans,high-waisted,casual,all,#000000,"['dark', 'cool']"
Lee Women's Legendary Mid Rise Flare Jean,32.2,https://m.media-amazon.com/images/I/61S4xI-ireL._AC_SY741_.jpg,https://amzn.to/4n0TNlk,female,bottom,jeans,flare,casual,all,#4a4a4a,"['cool', 'dark']"
TARSE Womens Linen Wide Leg Pants Casual Loose Drawstring Summer Beach Travel Vacation Palazzo Harem Pants with Pockets,28.99,https://m.media-amazon.com/images/I/61bG9EgcRuL._AC_SY741_.jpg,https://amzn.to/3HN9gqf,female,bottom,pants,loose,casual,summer,#8B7D6B,"['warm', 'light']"
TARSE Womens Linen Wide Leg Pants Casual Loose Drawstring Summer Beach Travel Vacation Palazzo Harem Pants with Pockets,28.99,https://m.media-amazon.com/images/I/61VcBjwI-DL._AC_SX569_.jpg,https://amzn.to/4lGZd3P,female,bottom,pants,loose,casual,summer,#000000,"['dark', 'cool']"
High Waisted-Rise Colored Stretch Skinny Destroyed Ripped Distressed Jeans for Women Olive Mustard RED,24.99,https://m.media-amazon.com/images/I/81RIU3eWeuL._AC_SY741_.jpg,https://amzn.to/3VpYlpr,female,bottom,jeans,skinny,casual,spring,#c2b28a,"['warm', 'light']"
High Waisted-Rise Colored Stretch Skinny Destroyed Ripped Distressed Jeans for Women Olive Mustard RED,27.99,https://m.media-amazon.com/images/I/815Mw1duxVL._AC_SY741_.jpg,https://amzn.to/4n4XI0E,female,bottom,jeans,skinny,casual,spring,#8ab9d6,"['cool', 'light']"
High Waisted-Rise Colored Stretch Skinny Destroyed Ripped Distressed Jeans for Women Olive Mustard RED,27.99,https://m.media-amazon.com/images/I/61kA0emzR4L._AC_SY741_.jpg,https://amzn.to/45CFH3T,female,bottom,jeans,skinny,casual,all,#2a5a8a,"['cool', 'dark']"
KUNMI Womens Classic High Waisted Skinny Stretch Butt Lifting Jeans Slim Fit Denim Pants,36.99,https://m.media-amazon.com/images/I/61F3GTUI-ZL._AC_SY741_.jpg,https://amzn.to/47xw87N,female,bottom,jeans,skinny,casual,all,#1a2e4a,"['cool', 'dark']"
KUNMI Womens Classic High Waisted Skinny Stretch Butt Lifting Jeans Slim Fit Denim Pants,36.99,https://m.media-amazon.com/images/I/71uLTwYGDNL._AC_SY741_.jpg,https://amzn.to/3HxlXp8,female,bottom,jeans,skinny,casual,all,#5a7dbd,"['cool', 'light']"
KUNMI Womens Classic High Waisted Skinny Stretch Butt Lifting Jeans Slim Fit Denim Pants,36.99,https://m.media-amazon.com/images/I/61CMJ15fg+L._AC_SY741_.jpg,https://amzn.to/4fRAoRn,female,bottom,jeans,skinny,casual,spring,#add8e6,"['cool', 'light']"
"Hanes Women’s EcoSmart Fleece Petite Sweatpants, Open Bottom Sweatpants, Petite, 28.5''",7.53,https://m.media-amazon.com/images/I/81rQv4+mb+L._AC_SX569_.jpg,https://amzn.to/3HuFPcx,female,bottom,sweatpants,regular,casual,all,#C8C8C8,"['cool', 'light']"
"Hanes Women’s EcoSmart Fleece Petite Sweatpants, Open Bottom Sweatpants, Petite, 28.5''",15.0,https://m.media-amazon.com/images/I/81ecDIev80L._AC_SX569_.jpg,https://amzn.to/4mynCd4,female,bottom,pants,loose,casual,all,#2f2f2f,"['dark', 'cool']"
Women Flowy Pants Drawstring Waist Wide Leg Palazzo Beach Pants Loose Fit with Pockets,19.9,https://m.media-amazon.com/images/I/61zzEv5HPDL._AC_SY741_.jpg,https://amzn.to/3HSHw3o,female,bottom,wide-leg pants,loose,casual,spring,#b78a8f,"['warm', 'light']"
Women Flowy Pants Drawstring Waist Wide Leg Palazzo Beach Pants Loose Fit with Pockets,19.9,https://m.media-amazon.com/images/I/71x9Yf2YSvL._AC_SY741_.jpg,https://amzn.to/4oKhgsC,female,bottom,wide-leg pants,loose,casual,spring/summer,#9bb3bd,"['cool', 'light']"
Women Flowy Pants Drawstring Waist Wide Leg Palazzo Beach Pants Loose Fit with Pockets,28.7,https://m.media-amazon.com/images/I/81Jze17+RlL._AC_SY741_.jpg,https://amzn.to/4myPUUR,female,bottom,pants,loose,casual,summer,#a3c6d9,"['cool', 'light']"
ANRABESS Boxer Shorts for Women Gingham Pajama 2025 Summer Casual Lounge Sleep Plaid Shorts Y2K Beach Bottoms,12.99,https://m.media-amazon.com/images/I/81avhZ6nqhL._AC_SY741_.jpg,https://amzn.to/4mzgltu,female,bottom,shorts,regular,casual,summer,#f4c2c2,"['warm', 'light']"
ANRABESS Boxer Shorts for Women Gingham Pajama 2025 Summer Casual Lounge Sleep Plaid Shorts Y2K Beach Bottoms,16.66,https://m.media-amazon.com/images/I/91FSW49IjjL._AC_SY741_.jpg,https://amzn.to/4oKnfO6,female,bottom,shorts,regular,casual,summer,#7a8db9,"['cool', 'light']"
PRETTYGARDEN Womens Pants Dressy Casual Wide Leg Graphic Print Lounge Pants Women Comfy High Waist Pleated Palazzo Pants,39.98,https://m.media-amazon.com/images/I/61oKRZMmMvL._AC_SY741_.jpg,https://amzn.to/4fYbu2H,female,bottom,pants,wide-leg,casual,spring,#000000,"['cool', 'dark']"
